PlotID ,Mountain,UTME,UTMN ,NullIndex,EEMT,FERI,BASeverity,BighornSeverity,SeverityClass,SeverityTrend,HydroPlot,NullIndex,BullockRBR,AspenRBR,BARBR,BighornRBR,Slope,Aspect,TrueERU,TopoPosition,LiveTreesHA,TreeSurvivorship,UnderstoryCover,LiveBA,BareSoil,Rock,Moss,LitterDuff,Forb ,Stem,Ash,Grass,LitterDepth,DuffDepth,CanopyCover,AveClay,AveSilt,AveSand,Texture,Kfsgeomean,Sgeomean,hfgeomean,Kfsmedian,Smedian,hfmedian,Kfsmean,Smean,hfmean,KfsCV,SCV,hfCV,qccode1,qccode2,qccode3,qccode4,Carbon,Nitrogen (%),CNRatio,BrayIP,pH,OrganicMatter,NitrogenRelease,S,OlsenP ,Ca,Mg,K,Na,CaPercent,MgPercent,KPercent,NaPercent,OtherBasesPercent,HPercent,B,Fe,Mn,Cu,Zn,Al,NO3N ,NH4N,RunoffCoef1,timetorunoff1,RunoffCoef2,timetorunoff2,RunoffCoef5,timetorunoff5,RunoffCoef10,timetorunoff10,RunoffCoef25,timetorunoff25,RunoffCoef50,timetorunoff50,RunoffCoef100,timetorunoff100,DistSeedSource,10hr,100hr,1000hr,10000hr,Cones,OakSeedling,ConSeedling,AspSeedlings,AngSeedlings,UndConArea,UndConHeight,UndConCover,UndConArea,UndLocArea,UndLocHeight,UndLocCover,UndLocArea,UndShrubArea,UndShrubHeight,UndShrubCover,UndShrubArea,UndOakArea,UndOakHeight,UndOakCover,UndOakArea,UndFernArea,UndFernHeight,UndFernCover,UndFernArea,UndAngArea,UndAngHeight,UndAngCover,UndAngArea,ConHealth,OakHealth,OtherHealth,DeadBA,PIAZ_IV,ABCO_IV,PSME_IV,QUGA_IV,ARAR_IV,QUAR_IV,QUHY_IV,PIST_IV,QURU_IV,ACNE_IV,SASC_IV,JUDE_IV,POTR_IV,RONE_IV,QUEM_IV,PICH_IV,ACGR_IV,UNK_IV
P9,Catalina,521972,3589159,0.216111111,31.80760002,23.05559921,H,U,HU,Lower,Yes,0.216111111,NA,415,415,1,25,310,Mixed Conifer,Foot Slope,1440,73.84,8.54,0.250268155,14.44444444,0,0.555555556,45.88888889,9.111111111,21.11111111,0,8.888888889,0.375,0.4375,69.14666667,8.342,21.721,69.937,Sandy Loam,128.1995629,42.39798,0.021729,133.25,50.55,0.031,135.2929,46.16429,0.029071,0.336377,0.342775,0.521404,14,0,0,0,3.452,0.187,18.282,127.7,6.31,5.724,102.4,3.8,33,1739.4,118.9,263.3,7.8,70.07,8.007,5.562,0.28,5.13,10.95,0.474,264.5,42.9,1.596,1.006,1128.3,7.3375,4.47,0,NA,0,NA,0,NA,0,NA,0,NA,0.008065436,661,0.057078927,389,7,178,22,5,14,0,3,0,12,0,0,NA,0,0,9.729198289,80,11.38914236,0.972919829,75.69365121,138.8928571,88.60809944,7.569365121,0,NA,0,0,0.002356194,46,0.002758196,0.000235619,0,NA,0,0,10,NA,10,12.09401223,19.25,0,0,0,0,0,0,0,0,0,0,0,258.08,22.65,0,0,0,0
CnewLH,Catalina,518230,3588109,NA,31.95389938,157.0559998,L,H,LH,Higher,No,NA,NA,11,11,228,26,330,Mixed Conifer,Upper Slope,0,0,7.9,0,8.888888889,13.11111111,0,52.22222222,21.33333333,2.777777778,1.111111111,0.555555556,0.611111111,0,42.56888889,NA,NA,NA,NA,NA,NA,NA,NA,NA,NA,NA,NA,NA,NA,NA,NA,NA,NA,NA,NA,NA,NA,NA,NA,NA,NA,NA,NA,NA,NA,NA,NA,NA,NA,NA,NA,NA,NA,NA,NA,NA,NA,NA,NA,NA,NA,NA,NA,NA,NA,NA,NA,NA,NA,NA,NA,NA,NA,NA,NA,NA,10,362,19,4,12,7,0,0,0,0,0,NA,0,0,0,NA,0,0,0,NA,0,0,0,NA,0,0,79.03069019,47,100,7.903069019,0,NA,0,0,NA,NA,NA,6.05928557,0,0,0,0,0,0,0,0,0,0,0,0,0,0,0,0,0,0
C6,Catalina,521214,3589353,0.186842105,33.07329941,28.22220039,H,U,HU,Lower,Yes,0.186842105,NA,508,508,1,42,220,Mixed Conifer,Back Slope,180,21.68,14.26,0.504185566,6.666666667,12.77777778,0,40.55555556,6.666666667,24.44444444,0,7.777777778,2.777777778,1.777777778,27.54666667,7.282,25.644,67.074,Sandy Loam,23.79172855,37.12484,0.089454,24.15,32.5,0.0875,25.61667,39.11667,0.102917,0.421482,0.361864,0.521784,12,3,0,0,3.334,0.157,21.371,8.3,5.69,4.586,94.3,4.1,3.4,1080.9,127.3,199.3,9.8,53.474,10.639,5.139,0.429,6.02,24.3,0.494,215.6,58.2,2.041,3.336,680.3,12.73333,4.79,0,NA,0.027423315,654,0.174870723,340,0.267793348,240,0.373706288,161,0.436736926,125,0.488942946,100,0,65,53,27,12,0,2,1,0,0,0,NA,0,0,42.2072973,80,29.58990397,4.22072973,96.62533693,90.5,67.7402872,9.662533693,3.800384633,167,2.664302705,0.380038463,0.007853982,31,0.005506123,0.000785398,0,NA,0,0,9.84375,NA,NA,4.665045179,300,0,0,0,0,0,0,0,0,0,0,0,0,0,0,0,0,0
M25,Catalina,523534,3587910,0.08,34.15330124,18.11109924,U,U,UU,SameLow,No,0.08,NA,407,407,1,37,279,Ponderosa Pine Evergreen Oak,Back Slope,250,33.78,38.35,1.480254841,0,15.55555556,0,42.77777778,18.88888889,22.77777778,0,0,3.125,1.125,56.55111111,NA,NA,NA,NA,NA,NA,NA,NA,NA,NA,NA,NA,NA,NA,NA,NA,NA,NA,NA,NA,NA,NA,NA,NA,NA,NA,NA,NA,NA,NA,NA,NA,NA,NA,NA,NA,NA,NA,NA,NA,NA,NA,NA,NA,NA,NA,NA,NA,NA,NA,NA,NA,NA,NA,NA,NA,NA,NA,NA,NA,NA,0,41,21,25,35,3,6,0,0,0,15.68502964,229.6428571,4.089636657,1.568502964,114.8503442,300.5,29.94550783,11.48503442,222.565032,55.66666667,58.03050005,22.2565032,30.43072308,238.3333333,7.934355463,3.043072308,0,NA,0,0,0,NA,0,0,9.388888889,NA,NA,4.501314795,273.5,0,0,14.01,0,0,6.43,0,6.02,0,0,0,0,0,0,0,0,0
C5,Catalina,522148,3588850,NA,31.64509964,387.3330078,H,U,HU,Lower,No,NA,NA,498,498,-17,66,16,Mixed Conifer,Back Slope,480,70.58,28.4,0.193964287,19.44444444,1.111111111,0.555555556,10,30,41.11111111,0,0,1.5,0.833333333,80.24,NA,NA,NA,NA,NA,NA,NA,NA,NA,NA,NA,NA,NA,NA,NA,NA,NA,NA,NA,NA,NA,NA,NA,NA,NA,NA,NA,NA,NA,NA,NA,NA,NA,NA,NA,NA,NA,NA,NA,NA,NA,NA,NA,NA,NA,NA,NA,NA,NA,NA,NA,NA,NA,NA,NA,NA,NA,NA,NA,NA,NA,0,404,30,21,18,0,0,0,0,0,0,NA,0,0,139.1147492,105,24.42868026,13.91147492,430.3582953,170.7083333,75.57131974,43.03582953,0,NA,0,0,0,NA,0,0,0,NA,0,0,NA,NA,NA,4.056033306,0,0,0,0,0,0,0,0,0,0,42.15,0,11.41,230.34,0,0,0,16.07
M24,Catalina,529052,3584105,2.055555556,29.10289955,1498.73999,U,L,UL,Higher,Yes,2.055555556,209,NA,209,100,40,320,Ponderosa Pine Evergreen Oak,Back Slope,130,44.82,0.21,2.027316078,30.44444444,27.22222222,0,38.88888889,2.333333333,0,0,0,1.111111111,0.111111111,35.63555556,4.325,17.742,77.933,Loamy Sand,23.74182785,9.696145,0.006157,20.2,7.95,0.0095,31.38333,15.875,0.020251,0.81682,1.010666,1.490653,12,4,2,2,2.754,0.139,18.93,28.9,6.1,3.832,80,6,6.4,1079.222,87.77778,108,8.888889,61.491,11.306,5.881,1.935,5.39,15.15,0.3125,187.1,66.4,2.299,3.451,562.6,3.6,9.37,0.375791522,89,0.51284778,46,0.628173775,25,0.680018608,18,0.732772661,12,0.762226769,10,0.785850312,8,0,42,39,6,10,4,13,1,0,0,0,NA,0,0,1.443326205,22,68.06548391,0.14433262,0.677170296,26.14285714,31.93451609,0.06771703,0,NA,0,0,0,NA,0,0,0,NA,0,0,7.518518519,NA,NA,3.565711243,183.06,0,100.59,0,0,0,0,16.34,0,0,0,0,0,0,0,0,0,0
C12,Catalina,520680,3590226,2.306666667,32.96390152,960.8889771,L,L,LL,SameLow,Yes,2.306666667,NA,94,94,241,58,40,Mixed Conifer,Back Slope,40,14.28,10.47,2.1404752,8.333333333,22.77777778,0,56,5,1.666666667,6.111111111,0.111111111,2,0.222222222,54.35555556,12.511,42.13,45.359,Loam,2.170402496,4.328351,0.012927,1.2,4.5,0.015,3.166667,4.4,0.015,1.075695,0.216804,0.6,3,0,0,3,5.364444444,0.304444444,17.73444,86.11111,6.755556,9.048888889,116.4444,10,42.66667,2568.889,183.1111,240.5556,9.111111,76.16444,9.311111,3.806667,0.244444,4.644444,5.833333,0.846667,292.6667,102.3333,4.686667,5.947778,636.8889,17.06667,8.033333,0.821567465,13,0.862536426,8,0.895800367,5,0.91052983,4,0.925415868,3,0.933694268,3,0.940315304,3,0,173,14,11,5,0,0,0,22,0,0,NA,0,0,0.645126051,41.25,0.299904486,0.064512605,210.4532498,44.55,97.83494811,21.04532498,0,NA,0,0,0,NA,0,0,4.012127978,149,1.865147404,0.401212798,8.25,NA,NA,3.33299382,0,300,0,0,0,0,0,0,0,0,0,0,0,0,0,0,0,0
P16,Catalina,524098,3587199,0.123333333,29.42160034,28.38890076,L,U,LU,Lower,Yes,0.123333333,NA,511,511,1,22,259,Mixed Conifer,Upper Slope,90,21.42,21.67,0.048063174,2.111111111,0,0,52.22222222,6,33.33333333,0,5.222222222,1.277777778,1.166666667,53.89333333,8.943,30.355,60.702,Sandy Loam,46.96759654,30.56646,0.032336,50.25,35.3,0.0395,54.92857,34.6,0.061357,0.503144,0.399684,1.185456,14,1,0,0,3.675,0.208,17.57,51.8,6.09,5.87,103.6,5,10.7,1691.8,114.1,302.3,10,65.224,7.329,5.911,0.342,5.45,15.75,0.456,262.1,50.7,3.63,1.484,1013.8,9.3,4.79,0,NA,0.001870075,815,0.126752663,343,0.222543845,226,0.334411436,142,0.401454571,107,0.457069154,84,0,93,124,27,29,0,0,0,0,0,4.401842547,208.25,2.030749297,0.440184255,11.18438401,147.4444444,5.159811991,1.118438401,99.90735877,77.91927409,46.0913348,9.990735877,46.28806908,315,21.35457203,4.628806908,54.97787144,100,25.36353188,5.497787144,0,NA,0,0,NA,NA,NA,2.70997543,147.62,123.95,0,28.41,0,0,0,0,0,0,0,0,0,0,0,0,0,0
M9,Catalina,522124,3588919,1.216111111,31.64509964,-644.4439697,H,U,HU,Lower,Yes,1.216111111,NA,464,464,1,45,72,Mixed Conifer,Back Slope,80,23.52,1.13,0.197676864,23.77777778,7.222222222,0,42.77777778,3.888888889,15.55555556,7.222222222,0,1.777777778,0.611111111,17.26222222,12.343,40.504,47.153,Loam,21.73984232,29.85971,0.060858,22.8,28.9,0.07,25.62308,33.34615,0.079692,0.632163,0.521705,0.692421,13,2,0,0,4.042,0.297,14.703,513.5,5.89,6.936,109.7,4.4,156.8,2143.9,138.7,333.8,12.5,60.031,6.777,4.912,0.357,5.87,22.05,0.493,319.5,116.1,4.413,2.56,1042.3,75.06,383.58,0.004948748,790,0.119753238,414,0.287819093,218,0.376025214,155,0.471384304,104,0.526577333,81,0.571683408,65,10,55,46,35,18,0,0,0,0,0,0,NA,0,0,13.04570697,54.47296296,57.49142162,1.304570697,9.645864402,64.475,42.50857838,0.96458644,0,NA,0,0,0,NA,0,0,0,NA,0,0,9,NA,NA,2.37974701,300,0,0,0,0,0,0,0,0,0,0,0,0,0,0,0,0,0
PP67,Catalina,524503,3585971,NA,33.43030167,37,U,L,UL,Higher,No,NA,NA,NA,1,56,20,110,Mixed Conifer,Toe Slope,360,39.13,0.37,3.101344139,1.111111111,6.666666667,0,66.11111111,9.444444444,2.777777778,4.444444444,9.444444444,2.111111111,0.666666667,71.92,NA,NA,NA,NA,NA,NA,NA,NA,NA,NA,NA,NA,NA,NA,NA,NA,NA,NA,NA,NA,NA,NA,NA,NA,NA,NA,NA,NA,NA,NA,NA,NA,NA,NA,NA,NA,NA,NA,NA,NA,NA,NA,NA,NA,NA,NA,NA,NA,NA,NA,NA,NA,NA,NA,NA,NA,NA,NA,NA,NA,NA,0,97,55,1,10,13,2,1,0,0,1.713738793,148,4.57981941,0.171373879,0,NA,0,0,0.079953533,18,0.213668935,0.007995353,0,NA,0,0,35.62566069,40,95.20651166,3.562566069,0,NA,0,0,8.709259259,NA,NA,2.360764722,0,0,0,0,0,0,0,0,0,0,0,0,0,0,0,0,0,0
M23,Catalina,524296,3587550,0.055555556,29.42160034,NA,U,U,UU,SameLow,No,0.055555556,NA,NA,1,1,47,20,Mixed Conifer,Upper Slope,420,57.53,9.01,2.507243836,7.222222222,2.444444444,0.444444444,74.44444444,1.888888889,6.111111111,0,7.444444444,1.416666667,1.166666667,76.42666667,NA,NA,NA,NA,NA,NA,NA,NA,NA,NA,NA,NA,NA,NA,NA,NA,NA,NA,NA,NA,NA,NA,NA,NA,NA,NA,NA,NA,NA,NA,NA,NA,NA,NA,NA,NA,NA,NA,NA,NA,NA,NA,NA,NA,NA,NA,NA,NA,NA,NA,NA,NA,NA,NA,NA,NA,NA,NA,NA,NA,NA,0,184,75,27,16,1,43,17,0,0,10.57570043,166.6111111,11.72842087,1.057570043,6.145426469,52,6.815259995,0.614542647,73.45043624,42.5,81.45631914,7.345043624,0,NA,0,0,0,NA,0,0,0,NA,0,0,9.675,9.090909091,NA,2.261876025,12.49,190.27,0,84.29,0,0,0,0,0,0,0,0,0,12.93,0,0,0,0
M19,Catalina,525398,3588439,3.382631579,28.67810059,2354.949951,U,H,UH,Higher,Yes,3.382631579,188,NA,188,238,43,42,Madrean Pine Oak,Upper Slope,10,3.12,1.32,0.140530508,53,4.444444444,0,24.44444444,13.22222222,0.777777778,0.333333333,3.777777778,1.122222222,0,26.73777778,9.004,35.598,55.398,Sandy Loam,35.37199763,7.528519,0.002612,46.7,7.8,0.007,64.89231,14.15385,0.010392,1.036641,1.275778,1.271449,13,1,1,0,2.497,0.171,14.513,19.6,5.99,4.297,90.6,9.3,5.9,1472.3,190.3,197.7,8.8,59.877,12.915,4.286,0.314,5.52,17.1,0.37,187.6,57,2.393,1.09,592.9,14.34,17.11,0.270143074,83,0.430637753,38,0.565867648,19,0.626566787,13,0.688263582,9,0.722676257,7,0.750268543,6,26.38,25,5,0,1,0,76,0,0,0,0,NA,0,0,4.547141207,59.07142857,49.85189778,0.454714121,4.574158904,13,50.14810222,0.45741589,0,NA,0,0,0,NA,0,0,0,NA,0,0,7,NA,NA,2.224771459,300,0,0,0,0,0,0,0,0,0,0,0,0,0,0,0,0,0
P25,Catalina,523435,3588305,0.061666667,30.3458004,NA,U,U,UU,SameLow,No,0.061666667,NA,NA,1,1,34,280,Ponderosa Pine Evergreen Oak,Back Slope,110,25.58,9.72,1.247369363,10,19.44444444,0,48.33333333,3.888888889,8.888888889,0,9.444444444,1.111111111,0.444444444,26.73777778,NA,NA,NA,NA,NA,NA,NA,NA,NA,NA,NA,NA,NA,NA,NA,NA,NA,NA,NA,NA,NA,NA,NA,NA,NA,NA,NA,NA,NA,NA,NA,NA,NA,NA,NA,NA,NA,NA,NA,NA,NA,NA,NA,NA,NA,NA,NA,NA,NA,NA,NA,NA,NA,NA,NA,NA,NA,NA,NA,NA,NA,0,48,37,7,10,31,37,1,0,0,1.81764697,133,2.030011149,0.181764697,0,NA,0,0,21.55108998,43.84375,24.06900441,2.155108998,66.17003089,153.9040404,73.90098444,6.617003089,0,NA,0,0,0,NA,0,0,9.888888889,8,NA,2.220260918,280.42,0,0,0,0,0,19.57,0,0,0,0,0,0,0,0,0,0,0
C9,Catalina,521659,3588149,3.196666667,31.64509964,3399,L,H,LH,Higher,Yes,3.196666667,NA,383,383,203,41,78,Mixed Conifer,Back Slope,0,0,21.2,0,25.66666667,10.22222222,0,24.11111111,21.11111111,17.22222222,1.111111111,0.555555556,0.444444444,0.666666667,17.84,8.37,25.303,66.327,Sandy Loam,11.9978068,26.12469,0.086693,15.7,21.9,0.104,16.63636,31.46364,0.128727,0.720696,0.602725,0.801318,11,4,0,0,4.387,0.231,19.187,96.6,6.21,5.958,104.6,11.1,23.1,1810.4,103.7,215.8,8.8,68.999,6.761,4.363,0.307,5.33,14.25,0.473,230.3,88.4,7.388,3.454,943.1,9.82,21.26,0.100706065,470,0.256791329,263,0.415088463,145,0.491547934,106,0.571837666,72,0.617556271,57,0.654617857,46,10,17,18,5,12,0,0,0,0,0,0,NA,0,0,18.19453385,68,8.655388433,1.819453385,31.32034358,47.77777778,14.89951552,3.132034358,22.07282998,113.8571429,10.50034691,2.207282998,137.4446786,31,65.38431217,13.74446786,1.178097245,100,0.560436961,0.117809725,NA,NA,NA,1.830567555,0,0,0,0,0,0,0,0,0,0,0,0,0,0,0,0,0,0
C19,Catalina,519265,3588954,1.945555556,30.47299957,238,U,L,UL,Higher,No,1.945555556,NA,126,126,34,32,382,Mixed Conifer,Upper Slope,510,73.91,13.44,5.647299465,20.55555556,0,0,65.55555556,8.333333333,1.111111111,0,4.444444444,1.111111111,2,88.79111111,NA,NA,NA,NA,NA,NA,NA,NA,NA,NA,NA,NA,NA,NA,NA,NA,NA,NA,NA,NA,NA,NA,NA,NA,NA,NA,NA,NA,NA,NA,NA,NA,NA,NA,NA,NA,NA,NA,NA,NA,NA,NA,NA,NA,NA,NA,NA,NA,NA,NA,NA,NA,NA,NA,NA,NA,NA,NA,NA,NA,NA,0,595,69,7,13,67,0,1,0,2,24.55445256,279.1875,9.805558648,2.455445256,0,NA,0,0,223.9990905,63.74166667,89.45164685,22.39990905,0,NA,0,0,1.86005847,15,0.742794504,0.186005847,0,NA,0,0,9.12962963,NA,10,1.705977488,0,228.98,37.63,0,0,0,0,26.07,0,4.43,2.86,0,0,0,0,0,0,0
P6,Catalina,520672,3589363,2.094736842,31.17609978,-151,H,L,HL,Lower,Yes,2.094736842,NA,453,453,24,48,234,Ponderosa Pine Evergreen Oak,Back Slope,110,16.66,8.28,0.138637608,17.44444444,39.44444444,0,18.66666667,13.55555556,5,0.333333333,5.555555556,0.571428571,0.285714286,11.13777778,9.051,25.958,64.991,Sandy Loam,27.93776447,42.57694,0.100067,24,46.5,0.084,36.94545,47.74545,0.140818,0.814146,0.421704,0.863385,11,2,2,0,3.283,0.172,19.45,56.5,5.57,5.095,97.8,10.3,9.8,1060.2,118.8,281,9.7,49.405,9.349,6.673,0.414,6.26,27.9,0.379,227.1,103.9,3.017,3.312,1098.7,12.52,21.92,0,NA,0,NA,0.092333956,470,0.181899492,329,0.292459927,218,0.360707066,168,0.418164473,134,277.49,16,17,13,20,0,0,0,0,0,0,NA,0,0,0,NA,0,0,1.124454551,34.66666667,1.357940733,0.112445455,0,NA,0,0,81.68140899,63.33333333,98.64205927,8.168140899,0,NA,0,0,NA,NA,NA,1.69808374,300,0,0,0,0,0,0,0,0,0,0,0,0,0,0,0,0,0
C16,Catalina,524584,3588047,3.052631579,27.87919998,2221.580078,U,H,UH,Higher,No,3.052631579,201,NA,201,210,50,0,Mixed Conifer,Back Slope,60,23.07,19.63,1.60587293,32.77777778,2.222222222,0,13.33333333,30.55555556,22.22222222,0,1.111111111,0.444444444,0.222222222,55.97333333,NA,NA,NA,NA,NA,NA,NA,NA,NA,NA,NA,NA,NA,NA,NA,NA,NA,NA,NA,NA,NA,NA,NA,NA,NA,NA,NA,NA,NA,NA,NA,NA,NA,NA,NA,NA,NA,NA,NA,NA,NA,NA,NA,NA,NA,NA,NA,NA,NA,NA,NA,NA,NA,NA,NA,NA,NA,NA,NA,NA,NA,0,101,5,3,14,5,3,0,0,0,0,NA,0,0,101.9338431,112.3,51.91558061,10.19338431,45.16015878,41.60448869,23.00036761,4.516015878,42.47778843,128.7142857,21.63421865,4.247778843,6.77358792,53.21428571,3.449833136,0.006773588,0,NA,0,0,7.9,NA,NA,1.696074925,0,0,278.37,21.62,0,0,0,0,0,0,0,0,0,0,0,0,0,0
PP60,Catalina,524525,3586077,NA,33.43030167,63,U,L,UL,Higher,No,NA,NA,NA,1,63,15,266,Ponderosa Pine Evergreen Oak,Toe Slope,210,38.18,0.016,3.579782782,1.888888889,8.666666667,0,67,5.222222222,1.666666667,8.888888889,6.666666667,1.722222222,1,63.6,NA,NA,NA,NA,NA,NA,NA,NA,NA,NA,NA,NA,NA,NA,NA,NA,NA,NA,NA,NA,NA,NA,NA,NA,NA,NA,NA,NA,NA,NA,NA,NA,NA,NA,NA,NA,NA,NA,NA,NA,NA,NA,NA,NA,NA,NA,NA,NA,NA,NA,NA,NA,NA,NA,NA,NA,NA,NA,NA,NA,NA,0,99,25,0,4,12,0,4,0,0,0,NA,0,0,0,NA,0,0,0.079168135,18.5,4.66558667,0.007916813,0,NA,0,0,1.617684597,16.74193548,95.33441333,0.16176846,0,NA,0,0,9.216666667,NA,NA,1.683950996,0,0,0,0,0,0,0,0,0,0,0,0,0,0,0,0,0,0
M21,Catalina,520866,3590237,3.052631579,31.12030029,362.8890076,U,H,UH,Higher,Yes,3.052631579,NA,99,99,233,64,313,Mixed Conifer,Back Slope,100,43.47,1.61,3.502580499,35,10,0,48.33333333,5.555555556,1.111111111,0,0,1.055555556,0.444444444,75.84888889,12.746,34.321,52.933,Sandy Loam,32.53092296,18.14413,0.016058,31.85,29.7,0.036,33.96,24.62,0.035506,0.308553,0.496721,0.699293,10,3,2,0,4.383,0.247,17.8,53.4,6.82,6.874,109.3,10,18.1,3002.2,177.2,253.8,9,79.988,7.955,3.512,0.216,4.58,3.75,0.66,264.1,144.7,4.337,2.298,638.7,15.65,8.26,0.079583504,412,0.243376737,192,0.408632664,95,0.487437768,66,0.569531001,44,0.616008621,34,0.653559189,27,0,58,22,13,3,6,1,0,11,0,0,NA,0,0,1.748767551,9.950819672,7.568545971,0.174876755,21.35695919,24.33531746,92.43145403,2.135695919,0,NA,0,0,0,NA,0,0,0,NA,0,0,8.3125,NA,NA,1.67843593,0,24.98,255.23,0,0,0,0,19.76,0,0,0,0,0,0,0,0,0,0
C25,Catalina,525653,3585896,1.52,33.24909973,69,U,U,UU,SameLow,No,1.52,NA,NA,1,69,15,240,Mixed Conifer,Toe Slope,240,51.06,0.35,1.738240074,13.33333333,7.777777778,0.555555556,53.88888889,3.555555556,8.888888889,5.555555556,7.555555556,0.6875,0.9375,38.98666667,NA,NA,NA,NA,NA,NA,NA,NA,NA,NA,NA,NA,NA,NA,NA,NA,NA,NA,NA,NA,NA,NA,NA,NA,NA,NA,NA,NA,NA,NA,NA,NA,NA,NA,NA,NA,NA,NA,NA,NA,NA,NA,NA,NA,NA,NA,NA,NA,NA,NA,NA,NA,NA,NA,NA,NA,NA,NA,NA,NA,NA,0,59,13,3,3,10,0,1,0,0,0,NA,0,0,0,NA,0,0,2.202649149,11.98550725,100,0.220264915,0,NA,0,0,0,NA,0,0,0,NA,0,0,9.599206349,NA,NA,1.496030349,171.28,0,64.17,0,0,0,0,64.54,0,0,0,0,0,0,0,0,0,0
M26,Catalina,523891,3587329,0.061666667,34.15330124,0.222222,U,U,UU,SameLow,No,0.061666667,NA,21,21,1,30,289,Mixed Conifer,Upper Slope,460,57.5,8.86,3.16258399,7.777777778,18,0,57.66666667,0.888888889,8.333333333,0,7.333333333,0.928571429,1.214285714,69.72444444,NA,NA,NA,NA,NA,NA,NA,NA,NA,NA,NA,NA,NA,NA,NA,NA,NA,NA,NA,NA,NA,NA,NA,NA,NA,NA,NA,NA,NA,NA,NA,NA,NA,NA,NA,NA,NA,NA,NA,NA,NA,NA,NA,NA,NA,NA,NA,NA,NA,NA,NA,NA,NA,NA,NA,NA,NA,NA,NA,NA,NA,0,400,84,15,8,12,33,2,0,0,57.58382254,150.75,65.76319044,5.758382254,3.355535113,49.16666667,3.832164746,0.335553511,16.575357,69.31428571,18.92976727,1.6575357,10.04767724,215.6666667,11.47487754,1.004767724,0,NA,0,0,0,NA,0,0,9.054093567,9.5,NA,1.408844084,17.09,8,191.57,71.85,0,0,0,7.76,0,0,0,0,0,3.7,0,0,0,0
P19,Catalina,518640,3588401,3.08,31.59440041,456,U,H,UH,Higher,No,3.08,NA,224,224,61,34,0,Mixed Conifer,Upper Slope,100,28.57,75.49,3.252099746,36.66666667,7.777777778,0,14.44444444,32.22222222,0,8.888888889,0,0,0.333333333,13.10222222,NA,NA,NA,NA,NA,NA,NA,NA,NA,NA,NA,NA,NA,NA,NA,NA,NA,NA,NA,NA,NA,NA,NA,NA,NA,NA,NA,NA,NA,NA,NA,NA,NA,NA,NA,NA,NA,NA,NA,NA,NA,NA,NA,NA,NA,NA,NA,NA,NA,NA,NA,NA,NA,NA,NA,NA,NA,NA,NA,NA,NA,0,77,26,15,17,1,0,0,32,0,0,NA,0,0,0,NA,0,0,7.287395399,58.5,0.957481353,0.72873954,0,NA,0,0,750,31,98.54151936,75,3.813108083,126.25,0.500999285,0.381310808,7.666666667,NA,NA,1.24928652,54.96,0,245.03,0,0,0,0,0,0,0,0,0,0,0,0,0,0,0
M12,Catalina,527684,3584897,3.196666667,34.15309906,2605.560059,L,H,LH,Higher,No,3.196666667,NA,175,175,206,12,270,Madrean Pine Oak,Back Slope,30,13.63,9.5,0.176863027,18.33333333,32.77777778,0,33.88888889,3.888888889,5.555555556,5.555555556,0,0.714285714,0.142857143,21.53777778,NA,NA,NA,NA,NA,NA,NA,NA,NA,NA,NA,NA,NA,NA,NA,NA,NA,NA,NA,NA,NA,NA,NA,NA,NA,NA,NA,NA,NA,NA,NA,NA,NA,NA,NA,NA,NA,NA,NA,NA,NA,NA,NA,NA,NA,NA,NA,NA,NA,NA,NA,NA,NA,NA,NA,NA,NA,NA,NA,NA,NA,0,74,17,2,6,24,5,0,0,3,0,NA,0,0,21.98423707,65.85106383,23.13777421,2.198423707,12.22613613,37.5,12.86765496,1.222613613,60.80411209,72.75,63.99457083,6.080411209,0,NA,0,0,0,NA,0,0,NA,7.333333333,NA,1.209162884,0,0,0,0,0,0,300,0,0,0,0,0,0,0,0,0,0,0
P15,Catalina,522948,3585232,2.885,29.66769981,1150.060059,L,L,LL,SameLow,No,2.885,NA,163,163,127,11,262,Ponderosa Pine Evergreen Oak,Foot Slope,260,49.05,4.42,3.229487419,14.44444444,1.666666667,0,75.66666667,6.666666667,0.222222222,1.333333333,0,2.222222222,0,61.40444444,NA,NA,NA,NA,NA,NA,NA,NA,NA,NA,NA,NA,NA,NA,NA,NA,NA,NA,NA,NA,NA,NA,NA,NA,NA,NA,NA,NA,NA,NA,NA,NA,NA,NA,NA,NA,NA,NA,NA,NA,NA,NA,NA,NA,NA,NA,NA,NA,NA,NA,NA,NA,NA,NA,NA,NA,NA,NA,NA,NA,NA,0,48,12,4,8,23,0,0,0,0,0,NA,0,0,1.324495463,33.77777778,2.995855473,0.132449546,7.563148694,26.125,17.10696718,0.756314869,0,NA,0,0,35.3232824,34,79.89717735,3.53232824,0,NA,0,0,7.869230769,NA,NA,1.18241253,300,0,0,0,0,0,0,0,0,0,0,0,0,0,0,0,0,0
P3,Catalina,520762,3589283,3.210526316,33.07329941,-2821,H,H,HH,SameHigh,Yes,3.210526316,NA,434,434,-20,31,147,Ponderosa Pine Evergreen Oak,Upper Slope,0,0,67.97,0,29.77777778,13.44444444,0,7.666666667,33,14.44444444,0.555555556,1.111111111,0.5,0,2.586666667,9.075,22.88,68.045,Sandy Loam,39.15600151,38.22487,0.057434,51.1,40.9,0.09,52.43636,46.81818,0.078091,0.663544,0.551655,0.593728,11,4,0,0,3.924,0.214,18.283,58.5,5.49,5.797,103,12.6,13,1191.7,123.8,368.7,8.8,47.383,8.21,7.37,0.315,6.42,30.3,0.438,201.7,83.9,3.984,2.791,1073.1,19.77,11.16,0,NA,0,NA,0.090352627,445,0.181354971,302,0.293345347,195,0.362198374,148,0.4200062,116,74.83,5,11,10,16,0,0,0,0,0,0,NA,0,0,0,NA,0,0,29.97110807,55.39705882,4.407703168,2.997110807,0,NA,0,0,650,31,95.59229683,65,0,NA,0,0,NA,NA,NA,1.12521115,0,0,0,0,0,0,0,0,0,0,0,0,0,0,0,0,0,0
C18,Catalina,525469,3588152,3.052631579,28.33519936,766.84198,U,H,UH,Higher,No,3.052631579,149,NA,149,109,11,70,Ponderosa Pine Evergreen Oak,Toe Slope,180,20.68,11.13,2.26536556,0,16.72222222,0,29.13888889,13.55555556,10.55555556,1.527777778,3.361111111,0.847222222,0.208333333,36.82962963,NA,NA,NA,NA,NA,NA,NA,NA,NA,NA,NA,NA,NA,NA,NA,NA,NA,NA,NA,NA,NA,NA,NA,NA,NA,NA,NA,NA,NA,NA,NA,NA,NA,NA,NA,NA,NA,NA,NA,NA,NA,NA,NA,NA,NA,NA,NA,NA,NA,NA,NA,NA,NA,NA,NA,NA,NA,NA,NA,NA,NA,0,51,9,3,6,8,10,0,0,0,0,NA,0,0,0.066758844,49,0.000599513,6.68E-05,0,NA,0,0,9.892561107,106.675,8.883791855,0.989256111,92.67698328,31,83.226479,9.267698328,8.718862092,260,7.82977787,0.871886209,8,8.888888889,NA,1.105020165,175.96,0,0,109.46,0,0,0,0,14.56,0,0,0,0,0,0,0,0,0
C30,Catalina,519656,3589219,NA,30.47299957,155.1670074,U,L,UL,Higher,No,NA,NA,49,49,-4,11,70,Mixed Conifer,Upper Slope,420,66.66,0.18,7.077844289,0,0,0,94.44444444,0,0,5.555555556,0,1.388888889,1.666666667,98.84444444,NA,NA,NA,NA,NA,NA,NA,NA,NA,NA,NA,NA,NA,NA,NA,NA,NA,NA,NA,NA,NA,NA,NA,NA,NA,NA,NA,NA,NA,NA,NA,NA,NA,NA,NA,NA,NA,NA,NA,NA,NA,NA,NA,NA,NA,NA,NA,NA,NA,NA,NA,NA,NA,NA,NA,NA,NA,NA,NA,NA,NA,0,717,42,18,20,44,0,0,0,0,0,NA,0,0,0,NA,0,0,0,NA,0,0,0,NA,0,0,1.859037453,18.75,100,0.185903745,0,NA,0,0,8.842307692,NA,NA,1.035616593,27.69,37.96,218.27,0,0,0,0,15.98,0,0,0,0,0,0,0,0,0,0
P24,Catalina,529043,3584242,2.29871345,29.10289955,492.6319885,U,L,UL,Higher,Yes,2.29871345,80,NA,80,58,24,264,Ponderosa Pine Evergreen Oak,Lower Slope,290,80.55,1.67,3.294398935,6.777777778,14,0,76.77777778,3.444444444,0,0,0.111111111,1.311111111,0.855555556,66.95111111,6.865,20.739,72.396,Sandy Loam,7.360167461,4.085553,0.003883,8.5,2.1,0.004,13.45714,7.721429,0.014314,1.438788,1.020088,1.400621,7,1,0,1,1.878,0.084,21.726,7.3,5.71,2.676,70.1,6.9,2.9,545.1,68.5,105.9,10.1,52.155,10.994,5.473,0.883,6.03,24.45,0.356667,202.7,98.4,2.276,1.87,552.6,0.9,5.76,0.758946764,13,0.814212472,8,0.859134845,5,0.879036956,4,0.899154974,3,0.910345378,3,0.919295036,3,0,27,24,7,5,12,17,0,0,0,0,NA,0,0,0,NA,0,0,0.030473449,20,0.182454292,0.003047345,0.023561945,110,0.141072906,0.002356194,16.64792779,33,99.6764728,1.664792779,0,NA,0,0,7.404411765,6.5,NA,1.013434593,226.44,0,12.61,0,0,0,21.25,39.67,0,0,0,0,0,0,0,0,0,0
C17,Catalina,525325,3588292,3.162631579,28.67810059,1735.26001,U,H,UH,Higher,No,3.162631579,157,NA,157,210,55,170,Mixed Conifer,Upper Slope,140,50,12.55,1.04367163,22.77777778,14.66666667,0,40,4.222222222,8.888888889,0,9.444444444,0.888888889,0.222222222,46.61333333,NA,NA,NA,NA,NA,NA,NA,NA,NA,NA,NA,NA,NA,NA,NA,NA,NA,NA,NA,NA,NA,NA,NA,NA,NA,NA,NA,NA,NA,NA,NA,NA,NA,NA,NA,NA,NA,NA,NA,NA,NA,NA,NA,NA,NA,NA,NA,NA,NA,NA,NA,NA,NA,NA,NA,NA,NA,NA,NA,NA,NA,0,92,18,5,1,3,16,0,0,0,0,NA,0,0,0,NA,0,0,200.4987993,35.72801295,79.84810022,20.04987993,50.60147579,79.73469388,20.15189978,5.060147579,0,NA,0,0,0,NA,0,0,7.125,8,6.5,0.99510211,128.2,0,22.5,23.01,19.59,0,62.5,44.17,0,0,0,0,0,0,0,0,0,0
C23,Catalina,519527,3589148,1.275555556,30.47299957,101.3330002,U,U,UU,SameLow,Yes,1.275555556,NA,33,33,62,22,280,Mixed Conifer,Upper Slope,390,73.58,1.44,6.588863058,0,0,0,66.66666667,2.777777778,3.888888889,4.444444444,22.22222222,1.177777778,2.222222222,95.14666667,15.625,31.964,52.411,Loam,1.681832349,8.586037,0.070107,1.65,12.5,0.111,3.7375,15.8125,0.18175,1.229101,0.883692,1.159397,8,0,2,5,6.61,0.351,18.823,29.3,6.09,11.855,123.6,3.7,7.7,1877.8,128.5,305.7,8.3,66.691,7.672,5.643,0.257,5.34,14.4,0.428,172.1,59.2,2.63,2.006,943.2,1.3,8.2,0.66984059,48,0.744580422,29,0.805896714,17,0.833186803,13,0.860838619,9,0.876236696,8,0.888569784,7,0,126,8,8,22,5,0,0,48,2,12.37347683,237.9375,85.47633645,1.237347683,0.003141593,19,0.021702213,0.000314159,1.422827313,23.3,9.828932305,0.142282731,0,NA,0,0,0.676463438,31.30769231,4.673029032,0.067646344,0,NA,0,0,8.358024691,NA,NA,0.920475652,0,3.39,278.21,0,0,0,0,7.3,0,0,0,0,0,0,0,0,0,11.09
C20,Catalina,525255,3588144,2.382631579,28.67810059,823.7890015,U,L,UL,Higher,No,2.382631579,182,NA,182,86,65,127,Mixed Conifer,Upper Slope,390,88.63,5.7,2.850353066,7.777777778,17.22222222,0,50,5.555555556,17.77777778,0,2.777777778,0.555555556,0.555555556,77.58222222,NA,NA,NA,NA,NA,NA,NA,NA,NA,NA,NA,NA,NA,NA,NA,NA,NA,NA,NA,NA,NA,NA,NA,NA,NA,NA,NA,NA,NA,NA,NA,NA,NA,NA,NA,NA,NA,NA,NA,NA,NA,NA,NA,NA,NA,NA,NA,NA,NA,NA,NA,NA,NA,NA,NA,NA,NA,NA,NA,NA,NA,0,132,15,9,9,4,0,0,0,0,0,NA,0,0,0.964311865,37.83333333,1.690572148,0.096431187,6.891633264,30.86222222,12.08198683,0.689163326,47.52357893,81.17741935,83.31541053,4.752357893,1.661038576,24.46666667,2.91203049,0.166103858,0,NA,0,0,8.47037037,8.715555556,9.5,0.883297259,85.4,0,69.7,0,5.47,0,69.41,8.52,0,0,0,11.91,0,0,49.55,0,0,0
P17,Catalina,524284,3587125,0.092777778,29.42160034,10.77779961,L,U,LU,Lower,Yes,0.092777778,NA,194,194,1,42,128,Mixed Conifer,Back Slope,320,82.05,27.09,2.360284844,10.55555556,16.33333333,0,47,17.77777778,4.444444444,0,3.888888889,1.944444444,0.888888889,34.24888889,12.937,36.757,50.306,Loam,15.41114549,20.99348,0.041846,17.9,22.55,0.055,17.375,25.2,0.067583,0.417474,0.564865,0.858999,12,3,0,0,4.448,0.218,20.448,22.7,6.02,7.616,111.6,5.1,5.3,1909.8,196.5,261.1,10,62.666,10.731,4.653,0.294,5.46,16.2,0.448,232.9,102.3,4.727,3.499,547,3.285714,4.12,0.175623864,331,0.333687569,182,0.481605918,99,0.551053459,72,0.623107222,49,0.663830856,39,0.696713196,31,0,193,100,28,12,13,59,1,0,0,12.1461826,208,4.48207994,1.21461826,0,NA,0,0,28.54348983,93.40686275,10.53287337,2.854348983,2.493639169,165,0.9201813,0.249363917,227.8110205,96,84.06486539,22.78110205,0,NA,0,0,8.50098695,8.708333333,NA,0.856375381,73.86,0,103.46,72.75,0,0,12.05,37.86,0,0,0,0,0,0,0,0,0,0
P20,Catalina,525365,3585751,3.067777778,33.19459915,4346,U,H,UH,Higher,Yes,3.067777778,NA,270,270,369,24,40,Ponderosa Pine Evergreen Oak,Ridge,30,3.7,0.3,0.14093813,23.88888889,29.66666667,0,32.55555556,2.444444444,6.888888889,2.888888889,1.666666667,0.6875,0.3125,23.04,9.771,26.552,63.677,Sandy Loam,21.95871444,16.56045,0.020224,26.35,28.05,0.043,28.225,25.35833,0.0495,0.644117,0.708659,0.941214,12,1,1,1,2.452,0.144,17.009,26.2,5.91,4.465,90.9,9.9,6.2,1141,99,148.9,9.6,61.454,9.17,4.199,0.471,5.67,19.05,0.303,225.5,126.4,2.047,1.68,776.6,9.4,22.24,0.207649938,254,0.366170276,133,0.509879981,70,0.576435519,50,0.645050576,34,0.683671255,27,0.714784354,22,24.8,28,4,0,4,2,8,0,0,0,0,NA,0,0,0,NA,0,0,3.068707704,11,100,0.30687077,0,NA,0,0,0,NA,0,0,0,NA,0,0,6.166666667,NA,NA,0.842325393,300,0,0,0,0,0,0,0,0,0,0,0,0,0,0,0,0,0
P11,Catalina,526386,3584798,3.111111111,33.65510178,6962,L,H,LH,Higher,Yes,3.111111111,NA,354,354,335,20,340,Ponderosa Pine Evergreen Oak,Ridge,50,26.31,2.38,0.051257017,56.11111111,24.44444444,0,12.22222222,2.777777778,2.777777778,0.555555556,1.111111111,0.111111111,0.033333333,14.14222222,9.575,26.136,64.289,Sandy Loam,11.17927664,12.3649,0.019909,20.4,17.5,0.03,25.82308,21.06923,0.068387,1.033928,0.729603,1.303684,13,1,1,0,3.456,0.175,19.768,16.5,5.81,4.9,96.2,10.5,3.7,949.2,85.7,136.4,10.2,56.337,9.961,4.81,0.652,5.89,22.35,0.347778,173.8,173.1,2.233,1.846,984.2,5.59,18.07,0.463290259,100,0.581222171,57,0.680218353,32,0.724734844,24,0.77005829,17,0.795373834,13,0.815686369,11,11.64,20,17,4,4,1,5,0,0,0,0,NA,0,0,0,NA,0,0,17.62873302,32.75,74.00363991,1.762873302,6.192707439,78.75,25.99636009,0.619270744,0,NA,0,0,0,NA,0,0,7.5,NA,NA,0.81030464,258.37,0,0,0,0,0,41.62,0,0,0,0,0,0,0,0,0,0,0
C2,Catalina,521748,3590316,3.194444444,31.25200081,1639,H,H,HH,SameHigh,Yes,3.194444444,NA,447,447,66,35,35,Mixed Conifer,Back Slope,0,0,82.72,0,17.77777778,30,0,7.222222222,33.44444444,3.333333333,7.777777778,0.444444444,0.222222222,0,0.275555556,13.164,39.481,47.355,Loam,5.627231478,10.12201,0.027463,6.55,12.7,0.037,6.97,14.22,0.0471,0.590159,0.752544,0.987633,10,4,1,0,4.389,0.193,22.818,20.9,5.78,7.332,111.4,9.7,7.1,1098.3,160.1,297.1,8.3,52.193,12.693,7.334,0.347,5.84,21.6,0.381,263.1,74.5,2.953,1.963,825.8,3.99,20.94,0.582160672,66,0.675770056,39,0.753171863,23,0.787748909,17,0.822845128,12,0.842409894,10,0.858091398,8,117,8,14,4,23,0,0,0,4,0,0,NA,0,0,22.98671929,64.42857143,2.779161037,2.298671929,3.864114982,52,0.467182709,0.386411498,0,NA,0,0,800,31,96.72232047,80,0.259181394,154,0.031335782,0.025918139,NA,NA,NA,0.777449934,0,0,0,0,0,0,0,0,0,0,0,0,0,0,0,0,0,0
P26,Catalina,524378,3587356,0.055555556,29.42160034,NA,U,U,UU,SameLow,No,0.055555556,NA,NA,1,1,40,110,Mixed Conifer,Back Slope,330,66.11,1.27,3.332198578,2.777777778,1.666666667,0.666666667,77.88888889,2.888888889,3.333333333,0,10.77777778,1.333333333,0.833333333,71.92,NA,NA,NA,NA,NA,NA,NA,NA,NA,NA,NA,NA,NA,NA,NA,NA,NA,NA,NA,NA,NA,NA,NA,NA,NA,NA,NA,NA,NA,NA,NA,NA,NA,NA,NA,NA,NA,NA,NA,NA,NA,NA,NA,NA,NA,NA,NA,NA,NA,NA,NA,NA,NA,NA,NA,NA,NA,NA,NA,NA,NA,0,182,77,25,31,4,13,10,0,6,8.405802384,198.7222222,65.96201018,0.840580238,0.292639356,50,2.296399472,0.029263936,4.044957621,52,31.74159035,0.404495762,0,NA,0,0,0,NA,0,0,0,NA,0,0,9.084821429,8.6,7.5,0.76188511,15.37,87.29,65.2,30.77,0,0,0,58.26,0,0,0,0,0,0,0,0,43.07,0
P7,Catalina,523655,3587521,0.216111111,34.15330124,20.16670036,H,U,HU,Lower,No,0.216111111,NA,363,363,1,31,139,Ponderosa Pine Evergreen Oak,Foot Slope,0,0,43.22,0,0.555555556,43.33333333,0,5.555555556,0,48.88888889,0,1.666666667,2,0,17.84,NA,NA,NA,NA,NA,NA,NA,NA,NA,NA,NA,NA,NA,NA,NA,NA,NA,NA,NA,NA,NA,NA,NA,NA,NA,NA,NA,NA,NA,NA,NA,NA,NA,NA,NA,NA,NA,NA,NA,NA,NA,NA,NA,NA,NA,NA,NA,NA,NA,NA,NA,NA,NA,NA,NA,NA,NA,NA,NA,NA,NA,0,62,12,8,9,0,14,0,0,0,0,NA,0,0,0,NA,0,0,5.02026506,82.78070175,1.161456647,0.502026506,427.2184305,167.7734664,98.83854335,42.72184305,0,NA,0,0,0,NA,0,0,NA,NA,NA,0.689210375,0,0,0,0,0,0,0,0,0,0,0,0,0,0,0,0,0,0
P27,Catalina,526507,3585871,0.073888889,33.47389984,3.611109972,U,U,UU,SameLow,Yes,0.073888889,NA,65,65,1,15,280,Ponderosa Pine Evergreen Oak,Toe Slope,140,63.63,3.17,3.292335694,0.111111111,0.777777778,0,88.11111111,0.666666667,3.111111111,0,7.222222222,5.277777778,1.744444444,55.74222222,8.402,24.444,67.154,Sandy Loam,1.901481062,8.101275,0.056916,3.45,6.65,0.0615,5.283333,11.08333,0.080583,1.45198,0.852818,0.864343,12,3,1,0,3.731,0.159,23.149,8.2,5.31,5.94,103.4,4.8,3.3,670.2,77.3,125.9,10.5,43.863,8.719,4.383,0.639,6.78,35.6,0.29875,261.7,64.8,3.004,4.12,706.6,#DIV/0!,4.37,0.687843127,42,0.758670713,25,0.816679295,15,0.842475323,11,0.868603996,8,0.883150101,7,0.894799613,6,0,34,41,19,8,5,9,221,0,0,0,NA,0,0,0,NA,0,0,0.390107268,34.6,1.230408708,0.039010727,6.377433087,168,20.11459373,0.637743309,24.93796248,32,78.65499756,2.493796248,0,NA,0,0,8.883333333,NA,NA,0.645358529,229.3,0,0,0,0,0,0,70.69,0,0,0,0,0,0,0,0,0,0
P1,Catalina,517929,3588346,3.21,31.95389938,619.5560303,H,H,HH,SameHigh,No,3.21,NA,148,148,7,46,200,Ponderosa Pine Evergreen Oak,Upper Slope,20,16.66,27.87,0.012094344,4.444444444,21.66666667,0,3.888888889,27.77777778,45.55555556,2.222222222,0,0,0,11.36888889,NA,NA,NA,NA,NA,NA,NA,NA,NA,NA,NA,NA,NA,NA,NA,NA,NA,NA,NA,NA,NA,NA,NA,NA,NA,NA,NA,NA,NA,NA,NA,NA,NA,NA,NA,NA,NA,NA,NA,NA,NA,NA,NA,NA,NA,NA,NA,NA,NA,NA,NA,NA,NA,NA,NA,NA,NA,NA,NA,NA,NA,144.7,140,7,4,2,0,0,0,3,0,2.724703308,244,0.946591213,0.272470331,43.43990118,167.0769231,15.09148854,4.343990118,193.5746506,71.05,67.24991405,19.35746506,47.87551585,104.4444444,16.63246874,4.787551585,0,NA,0,0,0.228943565,110,0.079537455,0.022894356,NA,NA,NA,0.627032095,147.11,0,0,0,0,0,152.88,0,0,0,0,0,0,0,0,0,0,0
M13,Catalina,524716,3590569,2.804736842,27.44709969,5406.529785,L,L,LL,SameLow,Yes,2.804736842,421,NA,421,239,21,2,Madrean Pine Oak,Back Slope,230,76.66,8.32,0.280524589,35.55555556,24.44444444,0,11.66666667,2.777777778,13.33333333,0,12.22222222,0.555555556,0.277777778,24.08,6.443,24.244,69.313,Sandy Loam,50.88348935,5.031034,0.000805,90.7,6.3,0.003,87.69,16.54,0.016148,0.709642,1.276989,1.506156,10,0,5,0,2.12,0.174,11.788,52.6,6.65,3.694,82.3,15.4,32.8,1557,146.9,238,9.1,71.471,11.43,5.513,0.396,4.74,6.45,0.474,192.7,69.9,3.065,2.476,545.8,8.16,19.86,0.097198908,99,0.2958447,27,0.464182825,11,0.53946792,8,0.615809533,5,0.658330371,4,0.692398338,4,0,27,12,1,3,0,12,0,0,0,0,NA,0,0,65.07675664,74.66666667,78.13422653,6.507675664,4.175412256,87.7,5.013197091,0.417541226,11.99059522,54.02282609,14.39647474,1.199059522,0,NA,0,0,2.045648056,584,2.456101639,0.204564806,NA,9,NA,0.618914959,0,0,0,0,0,22.87,134.32,0,0,0,0,110.01,0,0,32.78,0,0,0
C1,Catalina,517730,3588391,3.172777778,31.95389938,132,H,H,HH,SameHigh,No,3.172777778,NA,51,51,88,22,311,Mixed Conifer,Ridge,20,15.38,34.19,0.006579085,38.88888889,27.22222222,0,7.222222222,14.44444444,9.444444444,0,2.777777778,0.055555556,0.166666667,0.16,NA,NA,NA,NA,NA,NA,NA,NA,NA,NA,NA,NA,NA,NA,NA,NA,NA,NA,NA,NA,NA,NA,NA,NA,NA,NA,NA,NA,NA,NA,NA,NA,NA,NA,NA,NA,NA,NA,NA,NA,NA,NA,NA,NA,NA,NA,NA,NA,NA,NA,NA,NA,NA,NA,NA,NA,NA,NA,NA,NA,NA,45.04,25,2,4,4,0,0,1,0,0,0,NA,0,0,0,NA,0,0,157.0796327,,46.55925905,15.70796327,5.796081366,154.6666667,1.7179901,0.579608137,174.5,31,51.72275085,0.1745,0,NA,0,0,NA,NA,NA,0.57440491,300,0,0,0,0,0,0,0,0,0,0,0,0,0,0,0,0,0
M22,Catalina,523912,3590443,2.612631579,28.96269989,665.684021,U,L,UL,Higher,No,2.612631579,145,NA,145,102,31,71,Ponderosa Pine Evergreen Oak,Back Slope,310,65.95,0.77,3.811618968,2.444444444,14.66666667,0,80.55555556,1.444444444,0.333333333,0.444444444,0.111111111,2.777777778,2.777777778,77.69777778,NA,NA,NA,NA,NA,NA,NA,NA,NA,NA,NA,NA,NA,NA,NA,NA,NA,NA,NA,NA,NA,NA,NA,NA,NA,NA,NA,NA,NA,NA,NA,NA,NA,NA,NA,NA,NA,NA,NA,NA,NA,NA,NA,NA,NA,NA,NA,NA,NA,NA,NA,NA,NA,NA,NA,NA,NA,NA,NA,NA,NA,0,87,21,18,6,2,22,0,0,0,0,NA,0,0,0,NA,0,0,0.015472344,7.333333333,7.87684926,0.001547234,0.180955737,106,92.12315074,0.018095574,0,NA,0,0,0,NA,0,0,7.706666667,7.833333333,NA,0.553506214,253.43,0,11.41,0,0,0,19.38,15.75,0,0,0,0,0,0,0,0,0,0
C22,Catalina,523401,3590377,2.555555556,26.8234005,1030,U,L,UL,Higher,Yes,2.555555556,103,NA,103,190,54,49,Ponderosa Pine Evergreen Oak,Back Slope,150,68.18,0.05,3.300683691,7,17.66666667,0,73.22222222,0.333333333,1.666666667,0.111111111,0,1.777777778,0.555555556,84.4,6.352,19.245,74.403,Sandy Loam,31.38742156,9.519467,0.004638,33.2,16.35,0.0125,40.08,19.18,0.0186,0.657615,0.848543,0.976391,10,1,1,2,1.697,0.088,18.875,79.9,6,3.147,78.5,8.1,18.9,910.2,133.9,152.9,8.8,58.958,14.431,5.122,0.506,5.4,15.6,0.348,301,41.2,1.537,0.774,748.7,1.2,7.44,0.276657564,111,0.433157882,53,0.566680274,27,0.626949209,19,0.688365586,13,0.722677769,10,0.750211048,9,0,32,7,2,3,1,179,0,0,2,0,NA,0,0,0,NA,0,0,0,NA,0,0,0,NA,0,0,9.260786824,37,100,0.926078682,0,NA,0,0,7.533333333,NA,NA,0.425600196,300,0,0,0,0,0,0,0,0,0,0,0,0,0,0,0,0,0
M8,Catalina,529776,3582508,0.274853801,28.22710037,13.15789986,H,U,HU,Lower,No,0.274853801,250,NA,250,1,40,200,Madrean Pine Oak,Back Slope,110,47.82,48.01,0.045846047,21.11111111,20,0,12.22222222,0.555555556,36.11111111,0,10,2.125,1.1875,38.06222222,NA,NA,NA,NA,NA,NA,NA,NA,NA,NA,NA,NA,NA,NA,NA,NA,NA,NA,NA,NA,NA,NA,NA,NA,NA,NA,NA,NA,NA,NA,NA,NA,NA,NA,NA,NA,NA,NA,NA,NA,NA,NA,NA,NA,NA,NA,NA,NA,NA,NA,NA,NA,NA,NA,NA,NA,NA,NA,NA,NA,NA,0,166,25,7,8,0,2,1,0,0,0,NA,0,0,0,NA,0,0,388.5388276,124.2251462,80.91473827,38.85388276,91.6441847,217.2222222,19.08526173,9.16441847,0,NA,0,0,0,NA,0,0,NA,NA,NA,0.367340931,0,0,0,0,0,0,24.8,0,0,0,0,0,0,0,275.19,0,0,0
P22,Catalina,527819,3585307,2.963888889,32.62850189,199,U,L,UL,Higher,No,2.963888889,NA,NA,1,199,26,202,Madrean Pine Oak,Back Slope,320,88.57,18.48,2.447245699,7.555555556,16.11111111,0,59,0,15.44444444,1.111111111,0.777777778,1.5625,1,48.69333333,NA,NA,NA,NA,NA,NA,NA,NA,NA,NA,NA,NA,NA,NA,NA,NA,NA,NA,NA,NA,NA,NA,NA,NA,NA,NA,NA,NA,NA,NA,NA,NA,NA,NA,NA,NA,NA,NA,NA,NA,NA,NA,NA,NA,NA,NA,NA,NA,NA,NA,NA,NA,NA,NA,NA,NA,NA,NA,NA,NA,NA,0,73,25,5,4,18,26,0,0,4,0,NA,0,0,0,NA,0,0,53.09432956,38.70262097,28.72576169,5.309432956,131.7374258,115.8028846,71.27423831,13.17374258,0,NA,0,0,0,NA,0,0,6.995248454,7.9,8.571428571,0.355724107,154.99,0,9.84,0,45.19,0,69.62,20.34,0,0,0,0,0,0,0,0,0,0
C4,Catalina,520960,3588576,2.185,32.20890045,1827.219971,H,L,HL,Lower,No,2.185,NA,286,286,115,18,260,Ponderosa Pine Evergreen Oak,Upper Slope,80,47.05,19.17,0.333144695,6.111111111,17.77777778,1.111111111,48.66666667,3.333333333,12.22222222,10.55555556,0.222222222,0.722222222,0.055555556,33.09333333,NA,NA,NA,NA,NA,NA,NA,NA,NA,NA,NA,NA,NA,NA,NA,NA,NA,NA,NA,NA,NA,NA,NA,NA,NA,NA,NA,NA,NA,NA,NA,NA,NA,NA,NA,NA,NA,NA,NA,NA,NA,NA,NA,NA,NA,NA,NA,NA,NA,NA,NA,NA,NA,NA,NA,NA,NA,NA,NA,NA,NA,0,66,17,3,7,1,11,5,5,0,30.10493992,167.0740741,17.47600348,3.010493992,0,NA,0,0,15.17059384,49.82608696,8.806572992,1.517059384,125.1290071,186.1975806,72.63774546,12.51290071,0,NA,0,0,1.859901391,134.625,1.079678062,0.185990139,9.333333333,NA,NA,0.272098838,255.05,0,0,0,0,0,44.94,0,0,0,0,0,0,0,0,0,0,0
P4,Catalina,523409,3587985,0.222222222,34.15330124,15.05560017,H,U,HU,Lower,No,0.222222222,NA,278,278,1,34,160,Ponderosa Pine Evergreen Oak,Back Slope,40,80,29.69,1.179849278,1.666666667,43.88888889,0,21.66666667,0,26.66666667,0,3.888888889,1.666666667,1.444444444,54.58666667,NA,NA,NA,NA,NA,NA,NA,NA,NA,NA,NA,NA,NA,NA,NA,NA,NA,NA,NA,NA,NA,NA,NA,NA,NA,NA,NA,NA,NA,NA,NA,NA,NA,NA,NA,NA,NA,NA,NA,NA,NA,NA,NA,NA,NA,NA,NA,NA,NA,NA,NA,NA,NA,NA,NA,NA,NA,NA,NA,NA,NA,0,159,37,13,3,3,4,0,0,0,0,NA,0,0,0,NA,0,0,0.460243324,57.5,0.07749822,0.046024332,593.4157505,228.6307692,99.92250178,59.34157505,0,NA,0,0,0,NA,0,0,8.083333333,NA,NA,0.2512,99.78,0,200.2,0,0,0,0,0,0,0,0,0,0,0,0,0,0,0
M17,Catalina,528806,3582928,0.815409357,26.22780037,268,L,U,LU,Lower,Yes,0.815409357,-24,NA,-24,88,45,30,Madrean Pine Oak,Foot Slope,740,97.36,2.41,2.046182127,22.55555556,9.222222222,0,56,0,12.22222222,0,0,0.944444444,1.388888889,58.16888889,3.829,17.704,78.467,Loamy Sand,13.67847821,5.513411,0.003988,12.4,7.2,0.006,27.66154,10.58462,0.00931,1.132584,1.091209,1.208265,13,2,1,1,2.23,0.111,19.181,7.1,5.14,3.224,75.7,5.5,2.9,486.3,66.2,83.7,10,39.396,8.846,3.835,0.787,7.12,40,0.236,159.5,77.6,2.23,2.679,492.2,1.033333,5.244444,0.621681208,27,0.707724641,16,0.778098458,9,0.809364145,7,0.841012998,5,0.858622224,4,0.872728336,4,0,16,24,2,4,1,19,9,0,0,0,NA,0,0,0,NA,0,0,3.534291735,105,15.16647737,0.353429174,19.76902155,156.6428571,84.83352263,1.976902155,0,NA,0,0,0,NA,0,0,8.083333333,7.6,NA,0.22851945,262.04,0,0,0,0,0,37.94,0,0,0,0,0,0,0,0,0,0,0
M5,Catalina,524947,3590935,2.198947368,23.2446003,2909.580078,H,L,HL,Lower,Yes,2.198947368,327,NA,327,187,29,195,Madrean Pine Oak,Back Slope,150,75,21.59,0.106602878,20.88888889,28.11111111,3.333333333,16.55555556,0.222222222,19.44444444,1.888888889,9,0.416666667,0.111111111,9.982222222,8.44,25.792,65.768,Sandy Loam,63.99649401,9.761736,0.002438,55.4,26.4,0.023,69.26923,23.83175,0.021001,0.413056,0.714769,0.896308,13,1,1,0,1.649,0.153,10.49,54.8,7.04,2.778,73.5,23.8,22,1702.4,149.4,205.1,9.8,75.507,11.584,4.847,0.399,4.36,3.3,0.571,145,58.4,2.913,1.607,385.6,12.18,13.07778,0,NA,0.081970239,187,0.285143489,52,0.382659765,32,0.483322077,19,0.539891636,14,0.585395902,11,0,52,3,4,3,0,0,0,0,0,0,NA,0,0,0,NA,0,0,209.9999965,111.0395022,98.17153968,20.99999965,3.911282854,315,1.828460315,0.391128285,0,NA,0,0,0,NA,0,0,NA,NA,NA,0.217578853,0,0,0,0,0,215.83,0,0,0,0,0,20.7,0,0,63.45,0,0,0
M3,Catalina,523022,3590870,4.223070175,29.39979935,8561.110352,H,H,HH,SameHigh,Yes,4.223070175,NA,532,532,219,51,240,Madrean Pine Oak,Back Slope,0,0,15.43,0,39.44444444,17.22222222,0,0,0,32.22222222,0,11.11111111,0,0,1.2,6.403,19.455,74.142,Sandy Loam,38.35272269,30.97548,0.036962,41.8,38.9,0.042,49.6,35,0.045714,0.813195,0.506096,0.645679,7,1,0,0,2.502,0.169,14.868,24.8,5.92,3.518,83.9,8.8,6.5,1068.7,87.8,195.6,8.7,60.777,8.493,6.036,0.462,5.64,18.6,0.472222,187.9,19,1.149,0.668889,672.3,13.12,24.61,0,NA,0.031692125,596,0.187641187,277,0.282507773,189,0.388875856,122,0.451515684,93,0.503098129,74,500,17,5,2,2,0,0,0,0,0,0,NA,0,0,37.19975569,58.38372093,24.37523416,3.719975569,73.75359993,74.5,48.3272332,7.375359993,41.65956062,115.3409091,27.29753264,4.165956062,0,NA,0,0,0,NA,0,0,NA,NA,NA,0.203968688,0,0,0,0,0,0,0,0,0,0,0,0,0,0,0,0,0,0
M18,Catalina,529916,3582294,0.175964912,28.22710037,201.2189941,L,U,LU,Lower,No,0.175964912,213,203,213,1,44,252,Madrean Pine Oak,Back Slope,30,30,61.26,0.018169401,6.666666667,15,0,8.777777778,0,67.77777778,0,1.777777778,1.125,0.5,6.168888889,NA,NA,NA,NA,NA,NA,NA,NA,NA,NA,NA,NA,NA,NA,NA,NA,NA,NA,NA,NA,NA,NA,NA,NA,NA,NA,NA,NA,NA,NA,NA,NA,NA,NA,NA,NA,NA,NA,NA,NA,NA,NA,NA,NA,NA,NA,NA,NA,NA,NA,NA,NA,NA,NA,NA,NA,NA,NA,NA,NA,NA,54.79,47,38,7,11,0,2,0,0,0,0.777544182,300,0.12757053,0.077754418,0,NA,0,0,381.9071612,83.89100109,62.65894612,38.19071612,217.3762205,166.7251462,35.66459672,21.73762205,0,NA,0,0,7.266503808,206,1.19220459,0.726650381,NA,NA,NA,0.192398203,0,0,0,0,190.39,0,109.6,0,0,0,0,0,0,0,0,0,0,0
M6,Catalina,517377,3588655,2.842777778,24.88769913,341.1669922,H,L,HL,Lower,Yes,2.842777778,NA,89,89,69,10,120,Ponderosa Pine Evergreen Oak,Upper Slope,10,50,15.8,0.017907864,45.55555556,5,0,6.666666667,8.333333333,12.77777778,2.777777778,18.33333333,0.277777778,0.111111111,1.2,10.674,25.538,63.788,Sandy Loam,26.12361327,11.81132,0.007969,26.75,18.4,0.0145,28.55833,16.96667,0.025168,0.430431,0.596312,1.404034,12,1,0,2,3.612,0.235,15.395,27.3,6.01,4.976,94.8,8.3,7.7,1895.4,166.1,191.3,10.9,63.205,10.223,3.583,0.367,5.53,17.1,0.385,156.1,143.1,1.696,3.867,587.3,11.22,16.24,0.295122331,134,0.445909402,68,0.575555191,36,0.634322988,25,0.694335868,17,0.727913442,14,0.754876857,11,7.49,16,6,2,0,1,0,0,0,0,0,NA,0,0,7.655040279,26.69642857,4.855563302,0.765504028,150,10,95.1444367,15,0,NA,0,0,0,NA,0,0,0,NA,0,0,6.5,NA,NA,0.143872377,300,0,0,0,0,0,0,0,0,0,0,0,0,0,0,0,0,0
P14,Catalina,527177,3583004,2.123333333,26.43379974,2299.5,L,L,LL,SameLow,No,2.123333333,NA,219,219,208,34,140,Madrean Pine Oak,Back Slope,210,77.77,12.89,0.486793988,6.111111111,43.88888889,0,21.66666667,0.888888889,18.33333333,4.111111111,5,0.722222222,0.111111111,19.11111111,NA,NA,NA,NA,NA,NA,NA,NA,NA,NA,NA,NA,NA,NA,NA,NA,NA,NA,NA,NA,NA,NA,NA,NA,NA,NA,NA,NA,NA,NA,NA,NA,NA,NA,NA,NA,NA,NA,NA,NA,NA,NA,NA,NA,NA,NA,NA,NA,NA,NA,NA,NA,NA,NA,NA,NA,NA,NA,NA,NA,NA,0,63,9,5,0,0,15,2,0,0,1.504194563,316,1.166373936,0.150419456,0,NA,0,0,13.29372785,59.46388889,10.30814635,1.329372785,113.983893,148.85,88.38473775,11.3983893,0,NA,0,0,0.181505516,85.5,0.140741968,0.018150552,8.916666667,7.8,NA,0.131367395,0,0,0,0,0,0,158.12,0,0,0,0,18.96,0,0,0,122.91,0,0
M15,Catalina,527346,3584723,2.812222222,34.15309906,3550.560059,L,L,LL,SameLow,Yes,2.812222222,NA,415,415,178,32,290,Madrean Pine Oak,Upper Slope,30,37.5,8.54,0.024672498,36.22222222,38.66666667,0,7.888888889,0,11.66666667,1.111111111,3.333333333,0.255555556,0,4.32,5.662,20.64,73.698,Sandy Loam,40.21252329,13.70801,0.007554,61.2,18.05,0.009,69.85833,20.05833,0.017333,0.946558,0.853255,1.23891,12,3,0,0,2.429,0.131,18.766,18.4,5.68,3.522,83.9,4.6,6.4,718.3,61.3,96.4,8.7,56.188,8.162,3.922,0.621,6.07,25.05,0.261429,178.4,70.4,2.15,2.497,730.8,1.65,7.27,0.082680106,333,0.256046181,135,0.423448355,62,0.501711657,43,0.582512721,28,0.627998168,21,0.66463735,17,10,27,22,6,3,0,2,0,0,0,0,NA,0,0,10.83401789,61.87804878,15.69763869,1.083401789,13.66498557,35,19.79948791,1.366498557,44.20228718,146.9615385,64.045633,4.420228718,0,NA,0,0,0.315572982,138,0.457240398,0.031557298,NA,NA,NA,0.125666848,0,0,0,0,0,0,300,0,0,0,0,0,0,0,0,0,0,0
P12,Catalina,524503,3585971,3.270555556,33.43030167,37,L,H,LH,Higher,No,3.270555556,NA,NA,1,56,28,126,Ponderosa Pine Evergreen Oak,Upper Slope,0,0,20.1,0,25.55555556,26.11111111,0,12.22222222,1.666666667,4.444444444,27.77777778,2.222222222,0.611111111,0,10.21333333,NA,NA,NA,NA,NA,NA,NA,NA,NA,NA,NA,NA,NA,NA,NA,NA,NA,NA,NA,NA,NA,NA,NA,NA,NA,NA,NA,NA,NA,NA,NA,NA,NA,NA,NA,NA,NA,NA,NA,NA,NA,NA,NA,NA,NA,NA,NA,NA,NA,NA,NA,NA,NA,NA,NA,NA,NA,NA,NA,NA,NA,50.1,28,10,3,2,0,3,0,0,0,0,NA,0,0,0,NA,0,0,22.16354347,45.28571429,11.02563682,2.216354347,178.8547182,116.8546423,88.97436318,17.88547182,0,NA,0,0,0,NA,0,0,NA,NA,NA,0.122354025,0,0,0,0,0,0,0,0,0,0,0,0,0,0,0,0,0,0
M27,Catalina,529640,3582446,0.052631579,28.22710037,14.52630043,U,U,UU,SameLow,Yes,0.052631579,165,NA,165,1,27,110,Madrean Pine Oak,Back Slope,90,81.81,28.67,0.232213963,19,17.77777778,0,5.555555556,0,57.22222222,0,0.444444444,1.211111111,0.911111111,14.14222222,4.971,16.014,79.015,Loamy Sand,50.06421291,12.57854,0.00487,83.3,35.2,0.021,100.4154,36.59493,0.041232,0.951942,0.831697,1.263236,13,1,1,0,2.03,0.116,17.258,3.4,6.32,2.753,71.8,2.125,3.7,1096,73.6,82.9,7.9,72.739,8.418,2.919,0.486,5.08,10.35,0.678,126.1,201.8,3.714,4.367,383.9,1.425,1.96,0.016090406,532,0.185034986,147,0.367250815,59,0.453170725,39,0.541942751,25,0.591910535,19,0.632147774,15,0,49,37,15,2,0,7,0,0,1,0,NA,0,0,0,NA,0,0,480.1025876,73.51547619,83.44931601,48.01025876,95.21978837,214.1428571,16.55068399,9.521978837,0,NA,0,0,0,NA,0,0,NA,8,8,0.044737065,0,0,0,0,0,0,243.38,0,0,0,0,56.61,0,0,0,0,0,0
R6,Rincon,543529,3562336,NA,31.40940094,NA,L,U,LU,Lower,Soil Only,NA,NA,NA,1,1,10,179,Ponderosa Pine Evergreen Oak,Upper Slope,500,76.92,1.33,1.520898411,20,26.66666667,2.222222222,39.44444444,2.777777778,1.111111111,0,7.777777778,1.111111111,0.785714286,53.77777778,13.274,26.588,60.138,NA,NA,NA,NA,NA,NA,NA,NA,NA,NA,NA,NA,NA,NA,NA,NA,NA,6.298,0.346,18.058,22.2,5.86,9.704,92,20.8,10,1877.6,157.4,128.8,8.6,59.674,8.68,2.522,0.276,5.94,22.9,0.796,151,135.4,3.628,4.706,639.6,19.04,5.18,NA,NA,NA,NA,NA,NA,NA,NA,NA,NA,NA,NA,NA,NA,0,54,12,9,3,4,17,0,0,3,1.148644814,236,8.611299202,0.114864481,0,NA,0,0,1.638183489,18.85416667,12.28133188,0.163818349,8.545132018,157.3333333,64.062178,0.854513202,0.020420352,20,0.153089764,0.002042035,1.986429035,192,14.89210116,0.198642903,8.611111111,9.833333333,9.5,1.944162047,90.5,0,0,0,0,29.06,133.75,0,0,0,0,36.61,0,0,0,10.05,0,0
R1,Rincon,543566,3565446,NA,32.93159866,NA,L,U,LU,Lower,Soil Only,NA,NA,NA,1,1,21,269,Mixed Conifer,Upper Slope,460,64.78,2.5,3.731399971,8.333333333,10.55555556,0,60.11111111,4.888888889,1.111111111,0,15,1.277777778,1.555555556,74.11555556,8.606,22.364,69.03,NA,NA,NA,NA,NA,NA,NA,NA,NA,NA,NA,NA,NA,NA,NA,NA,NA,4.614,0.204,23.276,26.4,5.88,6.776,109,19.4,10.4,1400.2,74.6,162.2,5.4,62.69,5.868,3.788,0.222,5.84,21.6,4.266,211.6,61.6,2.112,1.72,775.8,8.96,8.08,NA,NA,NA,NA,NA,NA,NA,NA,NA,NA,NA,NA,NA,NA,0,277,36,25,13,79,0,2,0,0,18.35106371,246.86,73.29899268,1.835106371,0,NA,0,0,1.173227776,202,4.686181443,0.117322778,0,NA,0,0,5.511610151,37,22.01482588,0.551161015,0,NA,0,0,9.357954545,8.75,NA,1.84796648,152.23,16.74,98.35,12.27,0,0,0,20.39,0,0,0,0,0,0,0,0,0,0
R4,Rincon,542963,3563675,NA,33.76399994,NA,L,U,LU,Lower,Soil Only,NA,NA,NA,NA,NA,7,280,Ponderosa Pine Evergreen Oak,Ridge,680,81.92,0.089,3.088507592,0,13.88888889,0,82.77777778,0.555555556,0,0,2.777777778,1.888888889,2.166666667,69.14666667,7.565,25.7675,66.6675,NA,NA,NA,NA,NA,NA,NA,NA,NA,NA,NA,NA,NA,NA,NA,NA,NA,4.79,0.175,27.035,17.75,5.075,8.61,108.5,20.25,9.5,476.25,51.75,124.25,5.25,35.615,7.9725,6.4025,0.515,7.25,42.25,5.105,216.25,70,3.575,2.6975,996.5,0.3625,11.65,NA,NA,NA,NA,NA,NA,NA,NA,NA,NA,NA,NA,NA,NA,0,50,28,8,4,27,0,0,0,0,0.889227801,248,100,0.08892278,0,NA,0,0,0,NA,0,0,0,NA,0,0,0,NA,0,0,0,NA,0,0,8.338176578,NA,NA,1.069139743,253.47,0,0,0,0,0,0,46.51,0,0,0,0,0,0,0,0,0,0
R2,Rincon,541964,3564649,NA,32.03710175,NA,H,U,HU,Lower,Soil Only,NA,NA,NA,NA,NA,9,326,Ponderosa Pine Evergreen Oak,Upper Slope,20,8.69,5.9,0.397538705,9.444444444,45.55555556,0,6.111111111,11.11111111,8.888888889,0,18.88888889,0.5,0.222222222,0.275555556,8.036,24.69,67.274,NA,NA,NA,NA,NA,NA,NA,NA,NA,NA,NA,NA,NA,NA,NA,NA,NA,3.07,0.142,22.38,18.6,5.48,4.19,88.6,19.2,5.8,890.4,68,172.2,4.4,50.886,6.386,5.464,0.228,6.44,30.6,10,143,21.4,1.356,1.22,989.2,12.48,1.28,NA,NA,NA,NA,NA,NA,NA,NA,NA,NA,NA,NA,NA,NA,0,19,23,21,14,0,0,1,0,1,9.527115341,151,15.91888263,0.952711534,0,NA,0,0,39.78253755,112.2649573,66.47274894,3.978253755,1.178725564,230,1.969535713,0.117872556,0.004948008,15,0.008267641,0.000494801,9.354563365,185.6666667,15.63056507,0.935456336,10,NA,NA,1.044286604,300,0,0,0,0,0,0,0,0,0,0,0,0,0,0,0,0,0
R5,Rincon,543648,3563931,NA,31.33049965,NA,L,U,LU,Lower,Soil Only,NA,NA,NA,NA,NA,25,188,Mixed Conifer,Foot Slope,230,74.19,0.764,2.655951909,13.88888889,24.44444444,0,57.77777778,1.111111111,0,0,2.777777778,2,2.555555556,75.73333333,7.82,23.1625,69.0175,NA,NA,NA,NA,NA,NA,NA,NA,NA,NA,NA,NA,NA,NA,NA,NA,NA,7.89,0.3375,24.7,10,4.825,11.9475,98.5,23,4.5,757.25,91.75,163.25,6.25,33.7275,6.655,3.865,0.26,7.75,47.75,5.2075,213.25,86.5,3.815,3.3925,748.75,15.5,8.825,NA,NA,NA,NA,NA,NA,NA,NA,NA,NA,NA,NA,NA,NA,0,39,22,5,1,11,7,0,0,0,0,NA,0,0,0,NA,0,0,7.647107758,13.15841584,100,0.764710776,0,NA,0,0,0,NA,0,0,0,NA,0,0,9.419117647,NA,NA,0.772401395,266.56,0,0,0,0,0,0,33.43,0,0,0,0,0,0,0,0,0,0
R7,Rincon,544163,3561612,NA,28.37509918,NA,L,U,LU,Lower,Soil Only,NA,NA,NA,NA,NA,15,149,Madrean Pine Oak,Back Slope,480,85.71,10.83,2.488491669,2.222222222,10,1.111111111,64.44444444,1.666666667,8.888888889,0,11.66666667,1.611111111,1,60.01777778,6.52,20.2,73.28,NA,NA,NA,NA,NA,NA,NA,NA,NA,NA,NA,NA,NA,NA,NA,NA,NA,4.976,0.232,20.264,12.8,6.02,6.066,102,19.6,5.6,1545,83.2,124.8,3.4,66.596,6.08,2.946,0.138,5.64,18.6,2.708,138.2,112.2,3.348,3.482,469.6,10.94,5.08,NA,NA,NA,NA,NA,NA,NA,NA,NA,NA,NA,NA,NA,NA,0,87,30,29,17,16,133,15,0,1,7.135342314,134.2857143,6.583862905,0.713534231,0,NA,0,0,16.15807496,48.66666667,14.9092427,1.615807496,83.16062789,155.7555556,76.73327347,8.316062789,0,NA,0,0,1.922183465,138.25,1.773620922,0.192218347,7.125,9.55,9,0.70626223,79.3,0,0,0,0,68.86,117.35,0,0,0,0,4.52,0,0,0,29.94,0,0
R3,Rincon,542534,3563704,NA,34.02640152,NA,L,U,LU,Lower,Soil Only,NA,NA,NA,NA,NA,19,302,Ponderosa Pine Evergreen Oak,Back Slope,540,90,0.17,4.368292693,10.55555556,15.55555556,0,63.33333333,1.666666667,4.444444444,1.111111111,3.333333333,1.722222222,1.388888889,61.75111111,8.562,23.956,67.482,NA,NA,NA,NA,NA,NA,NA,NA,NA,NA,NA,NA,NA,NA,NA,NA,NA,2.942,0.12,24.686,18.8,5.42,5.298,98.4,19.6,6.4,638.8,74.4,148.4,4,45.924,9.186,5.628,0.288,6.56,32.4,2.212,221,99.4,2.442,3.876,885.4,2.58,12.16,NA,NA,NA,NA,NA,NA,NA,NA,NA,NA,NA,NA,NA,NA,0,105,27,5,2,22,0,0,0,0,0,NA,0,0,0,NA,0,0,0,NA,0,0,0,NA,0,0,0.017357299,17,100,0.00173573,0,NA,0,0,8.678828829,NA,NA,0.226435003,252.77,0,0,0,0,0,0,47.21,0,0,0,0,0,0,0,0,0,0
